Algo,100k,1M
KNNBasic,0.9644529048243091,0.92510662329546
V1,0.9714654988721966,0.944865478144591
V2,0.9644529048243091,0.9259491128161053
