Algo,100k,1M
KNNBaseline,0.9215405222368912,0.8580623740265761
