Algo,100k,1M
KNNBaseline,0.9146667564713459,0.8603045814649662
